[{"pk": 8, "model": "contenttypes.contenttype", "fields": {"model": "bookmark", "name": "bookmark", "app_label": "bookmarks"}}, {"pk": 11, "model": "contenttypes.contenttype", "fields": {"model": "comment", "name": "comment", "app_label": "comments"}}, {"pk": 12, "model": "contenttypes.contenttype", "fields": {"model": "commentflag", "name": "comment flag", "app_label": "comments"}}, {"pk": 4, "model": "contenttypes.contenttype", "fields": {"model": "contenttype", "name": "content type", "app_label": "contenttypes"}}, {"pk": 14, "model": "contenttypes.contenttype", "fields": {"model": "friendship", "name": "friendship", "app_label": "bookmarks"}}, {"pk": 2, "model": "contenttypes.contenttype", "fields": {"model": "group", "name": "group", "app_label": "auth"}}, {"pk": 15, "model": "contenttypes.contenttype", "fields": {"model": "invitation", "name": "invitation", "app_label": "bookmarks"}}, {"pk": 7, "model": "contenttypes.contenttype", "fields": {"model": "link", "name": "link", "app_label": "bookmarks"}}, {"pk": 13, "model": "contenttypes.contenttype", "fields": {"model": "logentry", "name": "log entry", "app_label": "admin"}}, {"pk": 1, "model": "contenttypes.contenttype", "fields": {"model": "permission", "name": "permission", "app_label": "auth"}}, {"pk": 5, "model": "contenttypes.contenttype", "fields": {"model": "session", "name": "session", "app_label": "sessions"}}, {"pk": 10, "model": "contenttypes.contenttype", "fields": {"model": "sharedbookmark", "name": "shared bookmark", "app_label": "bookmarks"}}, {"pk": 6, "model": "contenttypes.contenttype", "fields": {"model": "site", "name": "site", "app_label": "sites"}}, {"pk": 9, "model": "contenttypes.contenttype", "fields": {"model": "tag", "name": "tag", "app_label": "bookmarks"}}, {"pk": 3, "model": "contenttypes.contenttype", "fields": {"model": "user", "name": "user", "app_label": "auth"}}, {"pk": "bec47f28093f7250699572826c5b1a10", "model": "sessions.session", "fields": {"expire_date": "2012-07-26T18:23:41.118Z", "session_data": "YmUyNmMzZjg4ZGNhMjk3MDBmYzFkYWM2OWE2YjkwZjgyYjExNDhmMjqAAn1xAShVDV9hdXRoX3Vz\nZXJfaWRLAVUSX2F1dGhfdXNlcl9iYWNrZW5kVSlkamFuZ28uY29udHJpYi5hdXRoLmJhY2tlbmRz\nLk1vZGVsQmFja2VuZFUKaW52aXRhdGlvbnECSwN1Lg==\n"}}, {"pk": "6d5e3f4e4612305205646ad56416551c", "model": "sessions.session", "fields": {"expire_date": "2012-07-28T09:38:51.960Z", "session_data": "MzRiODNhZDBmMzBkMmNiZjQxOTg0MDNmZWQ2YzczN2JlNGYzZDJjYTqAAn1xAShVEl9hdXRoX3Vz\nZXJfYmFja2VuZFUpZGphbmdvLmNvbnRyaWIuYXV0aC5iYWNrZW5kcy5Nb2RlbEJhY2tlbmRVDV9h\ndXRoX3VzZXJfaWRLAVUPZGphbmdvX2xhbmd1YWdlWAIAAABydXECdS4=\n"}}, {"pk": "cd963dfb316d49b99be856ad50376cc7", "model": "sessions.session", "fields": {"expire_date": "2012-07-23T17:55:19.992Z", "session_data": "YmEyMjJjMWMxMjdkZDI4OWMzMDQwYmZmOWFjZmUzMGE5MjY5YWJiYTqAAn1xAShVEl9hdXRoX3Vz\nZXJfYmFja2VuZHECVSlkamFuZ28uY29udHJpYi5hdXRoLmJhY2tlbmRzLk1vZGVsQmFja2VuZHED\nVQ1fYXV0aF91c2VyX2lkcQRLAXUu\n"}}, {"pk": "18251784508627fa48e70c5c51545ce2", "model": "sessions.session", "fields": {"expire_date": "2012-07-24T17:10:18.638Z", "session_data": "ZmE4MGIzZTA4NGUyNWYzZmZmNDUyMWY0OGI3MDIyOTRhZjVkMzVhNjqAAn1xAVUKdGVzdGNvb2tp\nZXECVQZ3b3JrZWRxA3Mu\n"}}, {"pk": 1, "model": "sites.site", "fields": {"domain": "example.com", "name": "example.com"}}, {"pk": 1, "model": "bookmarks.link", "fields": {"url": "http://packtpub.com/"}}, {"pk": 3, "model": "bookmarks.link", "fields": {"url": "http://www.google.com/"}}, {"pk": 4, "model": "bookmarks.link", "fields": {"url": "http://www.example.com/"}}, {"pk": 5, "model": "bookmarks.link", "fields": {"url": "http://www.nba.com/"}}, {"pk": 6, "model": "bookmarks.link", "fields": {"url": "http://sports.yahoo.com/nba"}}, {"pk": 7, "model": "bookmarks.link", "fields": {"url": "http://slamdunk.ru/"}}, {"pk": 8, "model": "bookmarks.link", "fields": {"url": "http://www.yandex.ru/"}}, {"pk": 9, "model": "bookmarks.link", "fields": {"url": "http://www.djangoproject.com/"}}, {"pk": 10, "model": "bookmarks.link", "fields": {"url": "http://www.amazon.com/"}}, {"pk": 11, "model": "bookmarks.link", "fields": {"url": "http://developers.android.com/"}}, {"pk": 12, "model": "bookmarks.link", "fields": {"url": "http://www.adandzo.com/"}}, {"pk": 13, "model": "bookmarks.link", "fields": {"url": "http://www.mobile-review.com/"}}, {"pk": 14, "model": "bookmarks.link", "fields": {"url": "http://www.droider.ru/"}}, {"pk": 15, "model": "bookmarks.link", "fields": {"url": "http://www.auchan.fr/"}}, {"pk": 16, "model": "bookmarks.link", "fields": {"url": "https://81.95.132.133/"}}, {"pk": 17, "model": "bookmarks.link", "fields": {"url": "https://oasisweb.uga.edu/html/applet.html"}}, {"pk": 18, "model": "bookmarks.link", "fields": {"url": "http://ru.wikipedia.org/wiki/JavaScript"}}, {"pk": 19, "model": "bookmarks.link", "fields": {"url": "http://www.nczonline.net/blog/2009/09/29/web-definitions-dom-ajax-and-more/"}}, {"pk": 20, "model": "bookmarks.link", "fields": {"url": "http://googlerussiablog.blogspot.com/2009/07/google-chrome.html"}}, {"pk": 21, "model": "bookmarks.link", "fields": {"url": "http://www.w3schools.com/js/"}}, {"pk": 22, "model": "bookmarks.link", "fields": {"url": "http://job-blog.bullgare.ru/2011/02"}}, {"pk": 1, "model": "bookmarks.tag", "fields": {"bookmarks": [9, 1], "name": "book"}}, {"pk": 2, "model": "bookmarks.tag", "fields": {"bookmarks": [1], "name": "publisher"}}, {"pk": 3, "model": "bookmarks.tag", "fields": {"bookmarks": [7, 2], "name": "search"}}, {"pk": 4, "model": "bookmarks.tag", "fields": {"bookmarks": [7, 2], "name": "engine"}}, {"pk": 5, "model": "bookmarks.tag", "fields": {"bookmarks": [3], "name": "example"}}, {"pk": 6, "model": "bookmarks.tag", "fields": {"bookmarks": [5, 6, 4], "name": "basketball"}}, {"pk": 7, "model": "bookmarks.tag", "fields": {"bookmarks": [21, 8], "name": "django"}}, {"pk": 8, "model": "bookmarks.tag", "fields": {"bookmarks": [], "name": "android,"}}, {"pk": 9, "model": "bookmarks.tag", "fields": {"bookmarks": [10], "name": "developers"}}, {"pk": 10, "model": "bookmarks.tag", "fields": {"bookmarks": [10, 12, 13], "name": "android"}}, {"pk": 11, "model": "bookmarks.tag", "fields": {"bookmarks": [5, 4], "name": "nba"}}, {"pk": 12, "model": "bookmarks.tag", "fields": {"bookmarks": [10], "name": "jelly"}}, {"pk": 13, "model": "bookmarks.tag", "fields": {"bookmarks": [10], "name": "bean"}}, {"pk": 14, "model": "bookmarks.tag", "fields": {"bookmarks": [1], "name": "ebook"}}, {"pk": 15, "model": "bookmarks.tag", "fields": {"bookmarks": [11], "name": "logistics"}}, {"pk": 16, "model": "bookmarks.tag", "fields": {"bookmarks": [11], "name": "adandzo"}}, {"pk": 17, "model": "bookmarks.tag", "fields": {"bookmarks": [12], "name": "mobile"}}, {"pk": 18, "model": "bookmarks.tag", "fields": {"bookmarks": [12, 13], "name": "review"}}, {"pk": 19, "model": "bookmarks.tag", "fields": {"bookmarks": [12], "name": "eldar"}}, {"pk": 20, "model": "bookmarks.tag", "fields": {"bookmarks": [12], "name": "murtazin"}}, {"pk": 21, "model": "bookmarks.tag", "fields": {"bookmarks": [14], "name": "auchan"}}, {"pk": 22, "model": "bookmarks.tag", "fields": {"bookmarks": [15], "name": "motiw"}}, {"pk": 23, "model": "bookmarks.tag", "fields": {"bookmarks": [16], "name": "applet"}}, {"pk": 24, "model": "bookmarks.tag", "fields": {"bookmarks": [17, 19, 18], "name": "JavaScript"}}, {"pk": 25, "model": "bookmarks.tag", "fields": {"bookmarks": [20, 18], "name": "Web"}}, {"pk": 26, "model": "bookmarks.tag", "fields": {"bookmarks": [19], "name": "google"}}, {"pk": 27, "model": "bookmarks.tag", "fields": {"bookmarks": [19], "name": "chrome"}}, {"pk": 28, "model": "bookmarks.tag", "fields": {"bookmarks": [20], "name": "tutorial"}}, {"pk": 29, "model": "bookmarks.tag", "fields": {"bookmarks": [21], "name": "internationalization"}}, {"pk": 38, "model": "auth.permission", "fields": {"codename": "add_logentry", "name": "Can add log entry", "content_type": 13}}, {"pk": 39, "model": "auth.permission", "fields": {"codename": "change_logentry", "name": "Can change log entry", "content_type": 13}}, {"pk": 40, "model": "auth.permission", "fields": {"codename": "delete_logentry", "name": "Can delete log entry", "content_type": 13}}, {"pk": 4, "model": "auth.permission", "fields": {"codename": "add_group", "name": "Can add group", "content_type": 2}}, {"pk": 5, "model": "auth.permission", "fields": {"codename": "change_group", "name": "Can change group", "content_type": 2}}, {"pk": 6, "model": "auth.permission", "fields": {"codename": "delete_group", "name": "Can delete group", "content_type": 2}}, {"pk": 1, "model": "auth.permission", "fields": {"codename": "add_permission", "name": "Can add permission", "content_type": 1}}, {"pk": 2, "model": "auth.permission", "fields": {"codename": "change_permission", "name": "Can change permission", "content_type": 1}}, {"pk": 3, "model": "auth.permission", "fields": {"codename": "delete_permission", "name": "Can delete permission", "content_type": 1}}, {"pk": 7, "model": "auth.permission", "fields": {"codename": "add_user", "name": "Can add user", "content_type": 3}}, {"pk": 8, "model": "auth.permission", "fields": {"codename": "change_user", "name": "Can change user", "content_type": 3}}, {"pk": 9, "model": "auth.permission", "fields": {"codename": "delete_user", "name": "Can delete user", "content_type": 3}}, {"pk": 22, "model": "auth.permission", "fields": {"codename": "add_bookmark", "name": "Can add bookmark", "content_type": 8}}, {"pk": 23, "model": "auth.permission", "fields": {"codename": "change_bookmark", "name": "Can change bookmark", "content_type": 8}}, {"pk": 24, "model": "auth.permission", "fields": {"codename": "delete_bookmark", "name": "Can delete bookmark", "content_type": 8}}, {"pk": 41, "model": "auth.permission", "fields": {"codename": "add_friendship", "name": "Can add friendship", "content_type": 14}}, {"pk": 44, "model": "auth.permission", "fields": {"codename": "can_list_friend_bookmarks", "name": "Can list friend bookmarks", "content_type": 14}}, {"pk": 42, "model": "auth.permission", "fields": {"codename": "change_friendship", "name": "Can change friendship", "content_type": 14}}, {"pk": 43, "model": "auth.permission", "fields": {"codename": "delete_friendship", "name": "Can delete friendship", "content_type": 14}}, {"pk": 45, "model": "auth.permission", "fields": {"codename": "add_invitation", "name": "Can add invitation", "content_type": 15}}, {"pk": 46, "model": "auth.permission", "fields": {"codename": "change_invitation", "name": "Can change invitation", "content_type": 15}}, {"pk": 47, "model": "auth.permission", "fields": {"codename": "delete_invitation", "name": "Can delete invitation", "content_type": 15}}, {"pk": 19, "model": "auth.permission", "fields": {"codename": "add_link", "name": "Can add link", "content_type": 7}}, {"pk": 20, "model": "auth.permission", "fields": {"codename": "change_link", "name": "Can change link", "content_type": 7}}, {"pk": 21, "model": "auth.permission", "fields": {"codename": "delete_link", "name": "Can delete link", "content_type": 7}}, {"pk": 28, "model": "auth.permission", "fields": {"codename": "add_sharedbookmark", "name": "Can add shared bookmark", "content_type": 10}}, {"pk": 29, "model": "auth.permission", "fields": {"codename": "change_sharedbookmark", "name": "Can change shared bookmark", "content_type": 10}}, {"pk": 30, "model": "auth.permission", "fields": {"codename": "delete_sharedbookmark", "name": "Can delete shared bookmark", "content_type": 10}}, {"pk": 25, "model": "auth.permission", "fields": {"codename": "add_tag", "name": "Can add tag", "content_type": 9}}, {"pk": 26, "model": "auth.permission", "fields": {"codename": "change_tag", "name": "Can change tag", "content_type": 9}}, {"pk": 27, "model": "auth.permission", "fields": {"codename": "delete_tag", "name": "Can delete tag", "content_type": 9}}, {"pk": 31, "model": "auth.permission", "fields": {"codename": "add_comment", "name": "Can add comment", "content_type": 11}}, {"pk": 34, "model": "auth.permission", "fields": {"codename": "can_moderate", "name": "Can moderate comments", "content_type": 11}}, {"pk": 32, "model": "auth.permission", "fields": {"codename": "change_comment", "name": "Can change comment", "content_type": 11}}, {"pk": 33, "model": "auth.permission", "fields": {"codename": "delete_comment", "name": "Can delete comment", "content_type": 11}}, {"pk": 35, "model": "auth.permission", "fields": {"codename": "add_commentflag", "name": "Can add comment flag", "content_type": 12}}, {"pk": 36, "model": "auth.permission", "fields": {"codename": "change_commentflag", "name": "Can change comment flag", "content_type": 12}}, {"pk": 37, "model": "auth.permission", "fields": {"codename": "delete_commentflag", "name": "Can delete comment flag", "content_type": 12}}, {"pk": 10, "model": "auth.permission", "fields": {"codename": "add_contenttype", "name": "Can add content type", "content_type": 4}}, {"pk": 11, "model": "auth.permission", "fields": {"codename": "change_contenttype", "name": "Can change content type", "content_type": 4}}, {"pk": 12, "model": "auth.permission", "fields": {"codename": "delete_contenttype", "name": "Can delete content type", "content_type": 4}}, {"pk": 13, "model": "auth.permission", "fields": {"codename": "add_session", "name": "Can add session", "content_type": 5}}, {"pk": 14, "model": "auth.permission", "fields": {"codename": "change_session", "name": "Can change session", "content_type": 5}}, {"pk": 15, "model": "auth.permission", "fields": {"codename": "delete_session", "name": "Can delete session", "content_type": 5}}, {"pk": 16, "model": "auth.permission", "fields": {"codename": "add_site", "name": "Can add site", "content_type": 6}}, {"pk": 17, "model": "auth.permission", "fields": {"codename": "change_site", "name": "Can change site", "content_type": 6}}, {"pk": 18, "model": "auth.permission", "fields": {"codename": "delete_site", "name": "Can delete site", "content_type": 6}}, {"pk": 1, "model": "auth.group", "fields": {"name": "Moderator", "permissions": [19, 20, 21, 25, 26, 27]}}, {"pk": 2, "model": "auth.user", "fields": {"username": "severe", "first_name": "", "last_name": "", "is_active": true, "is_superuser": false, "is_staff": false, "last_login": "2012-07-08T16:38:42.025Z", "groups": [], "user_permissions": [], "password": "pbkdf2_sha256$10000$J2lKr8ZcYmfx$wFzLgtZmGxWRYxFnEK79pdnulUmX7nhwKIH3otT9j6s=", "email": "severe@adandzo.com", "date_joined": "2012-07-08T16:38:42.025Z"}}, {"pk": 6, "model": "auth.user", "fields": {"username": "dave", "first_name": "", "last_name": "", "is_active": true, "is_superuser": false, "is_staff": false, "last_login": "2012-07-08T17:16:15.124Z", "groups": [], "user_permissions": [], "password": "pbkdf2_sha256$10000$GX401Uc5ze81$i9r8R6Y0KSld9Ifxn/Xq10y7UHEdqr/M+hx1leCHxpA=", "email": "dave@example.com", "date_joined": "2012-07-08T17:16:15.124Z"}}, {"pk": 9, "model": "auth.user", "fields": {"username": "bill", "first_name": "", "last_name": "", "is_active": true, "is_superuser": false, "is_staff": false, "last_login": "2012-07-08T17:23:40.478Z", "groups": [], "user_permissions": [], "password": "pbkdf2_sha256$10000$hVXNYawvqtdj$EeVSXKXbvtGRWD84gwQKifxTOwUlOi59BEKSLi2GyMg=", "email": "severe@adandzo.com", "date_joined": "2012-07-08T17:23:40.478Z"}}, {"pk": 5, "model": "auth.user", "fields": {"username": "mark", "first_name": "", "last_name": "", "is_active": true, "is_superuser": false, "is_staff": true, "last_login": "2012-07-11T20:13:35.840Z", "groups": [1], "user_permissions": [19, 20, 21], "password": "pbkdf2_sha256$10000$GNDoZe59aPUB$NBXNEC80XkJEgUwueBHUDZrdXgTmPzPbKFGpc6/EyEI=", "email": "mark@fm.com", "date_joined": "2012-07-08T17:15:13Z"}}, {"pk": 10, "model": "auth.user", "fields": {"username": "denisovgena", "first_name": "", "last_name": "", "is_active": true, "is_superuser": false, "is_staff": false, "last_login": "2012-07-12T18:22:19.661Z", "groups": [], "user_permissions": [], "password": "pbkdf2_sha256$10000$PJLmc9K5DP5V$+5KbezW1GnBs0q/N9Zp38GPuSuZldJBILLRVvir10MI=", "email": "denisov@adandzo.com", "date_joined": "2012-07-12T18:22:19.661Z"}}, {"pk": 1, "model": "auth.user", "fields": {"username": "geaden", "first_name": "", "last_name": "", "is_active": true, "is_superuser": true, "is_staff": true, "last_login": "2012-07-12T18:22:36.892Z", "groups": [], "user_permissions": [], "password": "pbkdf2_sha256$10000$Lt82daqWm2kd$XCto9EdB4geD4xp/nGQ527J1KIq0x9VS1O+BgD0TBDA=", "email": "denisovgena@gmail.com", "date_joined": "2012-07-05T14:22:30.044Z"}}, {"pk": 4, "model": "admin.logentry", "fields": {"action_flag": 2, "action_time": "2012-07-11T15:39:52.114Z", "object_repr": "mark", "object_id": "5", "change_message": "Changed password and groups.", "user": 1, "content_type": 3}}, {"pk": 3, "model": "admin.logentry", "fields": {"action_flag": 1, "action_time": "2012-07-11T15:39:08.720Z", "object_repr": "Moderator", "object_id": "1", "change_message": "", "user": 1, "content_type": 2}}, {"pk": 2, "model": "admin.logentry", "fields": {"action_flag": 2, "action_time": "2012-07-11T15:37:37.112Z", "object_repr": "mark", "object_id": "5", "change_message": "Changed password and is_staff.", "user": 1, "content_type": 3}}, {"pk": 1, "model": "admin.logentry", "fields": {"action_flag": 2, "action_time": "2012-07-11T15:36:49.694Z", "object_repr": "mark", "object_id": "5", "change_message": "Changed password and user_permissions.", "user": 1, "content_type": 3}}, {"pk": 15, "model": "bookmarks.bookmark", "fields": {"link": 16, "user": 1, "title": "Motiw"}}, {"pk": 16, "model": "bookmarks.bookmark", "fields": {"link": 17, "user": 1, "title": "Applet is no loading"}}, {"pk": 7, "model": "bookmarks.bookmark", "fields": {"link": 8, "user": 1, "title": "Yandex"}}, {"pk": 17, "model": "bookmarks.bookmark", "fields": {"link": 18, "user": 1, "title": "Wikipedia about JavaScript"}}, {"pk": 19, "model": "bookmarks.bookmark", "fields": {"link": 20, "user": 1, "title": "JavaScript and Google Chrome"}}, {"pk": 3, "model": "bookmarks.bookmark", "fields": {"link": 4, "user": 1, "title": "Example"}}, {"pk": 2, "model": "bookmarks.bookmark", "fields": {"link": 3, "user": 1, "title": "Google"}}, {"pk": 20, "model": "bookmarks.bookmark", "fields": {"link": 21, "user": 1, "title": "JavaScript Tutorial"}}, {"pk": 18, "model": "bookmarks.bookmark", "fields": {"link": 19, "user": 1, "title": "Web definitions"}}, {"pk": 21, "model": "bookmarks.bookmark", "fields": {"link": 22, "user": 1, "title": "Django Internationalization"}}, {"pk": 5, "model": "bookmarks.bookmark", "fields": {"link": 6, "user": 1, "title": "Yahoo! Sports"}}, {"pk": 10, "model": "bookmarks.bookmark", "fields": {"link": 11, "user": 1, "title": "Android"}}, {"pk": 11, "model": "bookmarks.bookmark", "fields": {"link": 12, "user": 1, "title": "Consulting in logistics"}}, {"pk": 12, "model": "bookmarks.bookmark", "fields": {"link": 13, "user": 1, "title": "Mobile Review"}}, {"pk": 9, "model": "bookmarks.bookmark", "fields": {"link": 10, "user": 1, "title": "Amazon"}}, {"pk": 1, "model": "bookmarks.bookmark", "fields": {"link": 1, "user": 1, "title": "Pack Publishing"}}, {"pk": 14, "model": "bookmarks.bookmark", "fields": {"link": 15, "user": 5, "title": "Auchan"}}, {"pk": 6, "model": "bookmarks.bookmark", "fields": {"link": 7, "user": 1, "title": "Slamdunk.ru"}}, {"pk": 4, "model": "bookmarks.bookmark", "fields": {"link": 5, "user": 1, "title": "NBA"}}, {"pk": 8, "model": "bookmarks.bookmark", "fields": {"link": 9, "user": 1, "title": "Django project"}}, {"pk": 13, "model": "bookmarks.bookmark", "fields": {"link": 14, "user": 1, "title": "Droider"}}, {"pk": 2, "model": "bookmarks.sharedbookmark", "fields": {"bookmark": 13, "date": "2012-07-10T18:31:56.346Z", "votes": 2, "user_voted": [5, 1]}}, {"pk": 1, "model": "bookmarks.sharedbookmark", "fields": {"bookmark": 12, "date": "2012-07-10T18:24:01.638Z", "votes": 3, "user_voted": [5, 1]}}, {"pk": 3, "model": "bookmarks.sharedbookmark", "fields": {"bookmark": 14, "date": "2012-07-10T20:35:58.096Z", "votes": 2, "user_voted": [5, 1]}}, {"pk": 6, "model": "bookmarks.sharedbookmark", "fields": {"bookmark": 20, "date": "2012-07-11T18:10:20.313Z", "votes": 2, "user_voted": [5, 1]}}, {"pk": 5, "model": "bookmarks.sharedbookmark", "fields": {"bookmark": 18, "date": "2012-07-11T18:07:29.119Z", "votes": 2, "user_voted": [5, 1]}}, {"pk": 4, "model": "bookmarks.sharedbookmark", "fields": {"bookmark": 17, "date": "2012-07-11T18:06:28.833Z", "votes": 2, "user_voted": [5, 1]}}, {"pk": 7, "model": "bookmarks.sharedbookmark", "fields": {"bookmark": 21, "date": "2012-07-12T20:28:54.869Z", "votes": 1, "user_voted": [1]}}, {"pk": 1, "model": "bookmarks.friendship", "fields": {"to_friend": 2, "from_friend": 1}}, {"pk": 2, "model": "bookmarks.friendship", "fields": {"to_friend": 5, "from_friend": 1}}, {"pk": 3, "model": "bookmarks.friendship", "fields": {"to_friend": 1, "from_friend": 2}}, {"pk": 4, "model": "bookmarks.friendship", "fields": {"to_friend": 1, "from_friend": 5}}, {"pk": 5, "model": "bookmarks.friendship", "fields": {"to_friend": 1, "from_friend": 10}}, {"pk": 6, "model": "bookmarks.friendship", "fields": {"to_friend": 10, "from_friend": 1}}, {"pk": 1, "model": "bookmarks.invitation", "fields": {"code": "uCVMEF7sHDnN3thqrxUG", "sender": 1, "name": "Mark", "email": "denisovgena@gmail.com"}}, {"pk": 3, "model": "bookmarks.invitation", "fields": {"code": "skGqR8ZSrzYp3y8dYaMN", "sender": 1, "name": "Jordan", "email": "denisovgena@gmail.com"}}, {"pk": 4, "model": "bookmarks.invitation", "fields": {"code": "zcA9K9WHez9VDWZFvmWw", "sender": 1, "name": "Michael", "email": "denisovgena@gmail.com"}}, {"pk": 5, "model": "bookmarks.invitation", "fields": {"code": "8sqK7Nw3jU9QxfAQZ9sP", "sender": 1, "name": "Dwarf", "email": "denisovgena@gmail.com"}}, {"pk": 6, "model": "bookmarks.invitation", "fields": {"code": "N5M78V4wzyzvjJqFHskE", "sender": 1, "name": "man", "email": "denisovgena@gmail.com"}}, {"pk": 7, "model": "bookmarks.invitation", "fields": {"code": "u6PkbxnQMucCu8jPN9tx", "sender": 1, "name": "comon", "email": "denisovgena@gmail.com"}}, {"pk": 8, "model": "bookmarks.invitation", "fields": {"code": "hJvrfxNj9N52RxkJFtuf", "sender": 1, "name": "Geaden", "email": "denisovgena@gmail.com"}}, {"pk": 1, "model": "comments.comment", "fields": {"comment": "Awesome!", "user_url": "", "submit_date": "2012-07-10T20:30:48.596Z", "ip_address": "127.0.0.1", "object_pk": "2", "site": 1, "is_removed": false, "user": 1, "content_type": 10, "is_public": true, "user_name": "geaden", "user_email": "denisovgena@gmail.com"}}, {"pk": 2, "model": "comments.comment", "fields": {"comment": "Cool!", "user_url": "", "submit_date": "2012-07-10T20:33:17.259Z", "ip_address": "127.0.0.1", "object_pk": "2", "site": 1, "is_removed": false, "user": 5, "content_type": 10, "is_public": true, "user_name": "mark", "user_email": "mark@fm.com"}}, {"pk": 3, "model": "comments.comment", "fields": {"comment": "Test", "user_url": "", "submit_date": "2012-07-10T20:34:51.287Z", "ip_address": "127.0.0.1", "object_pk": "2", "site": 1, "is_removed": false, "user": 5, "content_type": 10, "is_public": true, "user_name": "mark", "user_email": "mark@fm.com"}}, {"pk": 4, "model": "comments.comment", "fields": {"comment": "What's that about?", "user_url": "", "submit_date": "2012-07-10T20:36:51.925Z", "ip_address": "127.0.0.1", "object_pk": "3", "site": 1, "is_removed": false, "user": 1, "content_type": 10, "is_public": true, "user_name": "geaden", "user_email": "denisovgena@gmail.com"}}, {"pk": 5, "model": "comments.comment", "fields": {"comment": "C'mon!", "user_url": "", "submit_date": "2012-07-10T20:43:24.740Z", "ip_address": "127.0.0.1", "object_pk": "3", "site": 1, "is_removed": false, "user": 1, "content_type": 10, "is_public": true, "user_name": "geaden", "user_email": "denisovgena@gmail.com"}}, {"pk": 6, "model": "comments.comment", "fields": {"comment": "Eldar is good!", "user_url": "", "submit_date": "2012-07-11T13:46:47.760Z", "ip_address": "127.0.0.1", "object_pk": "1", "site": 1, "is_removed": false, "user": 1, "content_type": 10, "is_public": true, "user_name": "geaden", "user_email": "denisovgena@gmail.com"}}, {"pk": 7, "model": "comments.comment", "fields": {"comment": "Test again", "user_url": "", "submit_date": "2012-07-11T13:50:08.758Z", "ip_address": "127.0.0.1", "object_pk": "1", "site": 1, "is_removed": false, "user": 1, "content_type": 10, "is_public": true, "user_name": "geaden", "user_email": "denisovgena@gmail.com"}}, {"pk": 8, "model": "comments.comment", "fields": {"comment": "What's up?", "user_url": "", "submit_date": "2012-07-11T14:11:48.527Z", "ip_address": "127.0.0.1", "object_pk": "1", "site": 1, "is_removed": false, "user": 1, "content_type": 10, "is_public": true, "user_name": "geaden", "user_email": "denisovgena@gmail.com"}}, {"pk": 9, "model": "comments.comment", "fields": {"comment": "Ouch!", "user_url": "", "submit_date": "2012-07-11T14:13:27.871Z", "ip_address": "127.0.0.1", "object_pk": "2", "site": 1, "is_removed": false, "user": 1, "content_type": 10, "is_public": true, "user_name": "geaden", "user_email": "denisovgena@gmail.com"}}, {"pk": 10, "model": "comments.comment", "fields": {"comment": "Let's try again!", "user_url": "", "submit_date": "2012-07-11T14:24:18.704Z", "ip_address": "127.0.0.1", "object_pk": "3", "site": 1, "is_removed": false, "user": 1, "content_type": 10, "is_public": true, "user_name": "geaden", "user_email": "denisovgena@gmail.com"}}, {"pk": 11, "model": "comments.comment", "fields": {"comment": "Oh, no!", "user_url": "", "submit_date": "2012-07-11T14:46:09.222Z", "ip_address": "127.0.0.1", "object_pk": "2", "site": 1, "is_removed": false, "user": 1, "content_type": 10, "is_public": true, "user_name": "geaden", "user_email": "denisovgena@gmail.com"}}, {"pk": 12, "model": "comments.comment", "fields": {"comment": "Let's try again!", "user_url": "", "submit_date": "2012-07-11T14:47:18.982Z", "ip_address": "127.0.0.1", "object_pk": "2", "site": 1, "is_removed": false, "user": 1, "content_type": 10, "is_public": true, "user_name": "geaden", "user_email": "denisovgena@gmail.com"}}, {"pk": 13, "model": "comments.comment", "fields": {"comment": "Hope it works!", "user_url": "", "submit_date": "2012-07-11T14:50:16.170Z", "ip_address": "127.0.0.1", "object_pk": "2", "site": 1, "is_removed": false, "user": 1, "content_type": 10, "is_public": true, "user_name": "geaden", "user_email": "denisovgena@gmail.com"}}, {"pk": 14, "model": "comments.comment", "fields": {"comment": "Thanks for the resource!", "user_url": "", "submit_date": "2012-07-11T20:14:31.128Z", "ip_address": "127.0.0.1", "object_pk": "6", "site": 1, "is_removed": false, "user": 5, "content_type": 10, "is_public": true, "user_name": "mark", "user_email": "mark@fm.com"}}]